{
    "test": {
        "airline_sentiment": {
            "accuracy": [
                0.7978118161925601,
                0.7037199124726478,
                0.8166301969365427,
                0.7794310722100657
            ],
            "hits_at_k": [
                1.0,
                1.0,
                1.0,
                1.0
            ],
            "loss": [
                0.4457134839481546,
                0.6744140808639694,
                0.4523632091296841,
                0.6384112068026019
            ]
        },
        "combined": {
            "accuracy": [
                0.7978118161925601,
                0.7037199124726478,
                0.8166301969365427,
                0.7794310722100657
            ],
            "loss": [
                0.4457134839481546,
                0.6744140808639694,
                0.4523632091296841,
                0.6384112068026019
            ]
        }
    },
    "train": {
        "airline_sentiment": {
            "accuracy": [
                0.8764209754308764,
                0.8124923603471458,
                0.9788534408996455,
                0.9661410585502995
            ],
            "hits_at_k": [
                1.0,
                1.0,
                1.0,
                1.0
            ],
            "loss": [
                0.31032455615929705,
                0.3749618723782711,
                0.07906251967266564,
                0.09314973633237754
            ]
        },
        "combined": {
            "accuracy": [
                0.8764209754308764,
                0.8124923603471458,
                0.9788534408996455,
                0.9661410585502995
            ],
            "loss": [
                0.31032455615929705,
                0.3749618723782711,
                0.07906251967266564,
                0.09314973633237754
            ]
        }
    },
    "validation": {
        "airline_sentiment": {
            "accuracy": [
                0.7756410256410257,
                0.6941391941391941,
                0.8186813186813187,
                0.7985347985347986
            ],
            "hits_at_k": [
                1.0,
                1.0,
                1.0,
                1.0
            ],
            "loss": [
                0.4474916667728634,
                0.7112347372285612,
                0.4575459930922959,
                0.6322884053101033
            ]
        },
        "combined": {
            "accuracy": [
                0.7756410256410257,
                0.6941391941391941,
                0.8186813186813187,
                0.7985347985347986
            ],
            "loss": [
                0.4474916667728634,
                0.7112347372285612,
                0.4575459930922959,
                0.6322884053101033
            ]
        }
    }
}